{"temp": 0.05975529914210831, "press": 91.60409207291326, "hum": 70.16362748515512}